"Date","Status","Error"
"2024-10-01","DOWNLOADED",""
"2024-10-02","SKIPPED","The remote server returned an error: (404) Not Found."
"2024-10-03","DOWNLOADED",""
"2024-10-04","DOWNLOADED",""
"2024-10-07","DOWNLOADED",""
"2024-10-08","DOWNLOADED",""
"2024-10-09","DOWNLOADED",""
"2024-10-10","DOWNLOADED",""
"2024-10-11","DOWNLOADED",""
"2024-10-14","DOWNLOADED",""
"2024-10-15","DOWNLOADED",""
"2024-10-16","DOWNLOADED",""
"2024-10-17","DOWNLOADED",""
"2024-10-18","DOWNLOADED",""
"2024-10-21","DOWNLOADED",""
"2024-10-22","DOWNLOADED",""
"2024-10-23","DOWNLOADED",""
"2024-10-24","DOWNLOADED",""
"2024-10-25","DOWNLOADED",""
"2024-10-28","DOWNLOADED",""
"2024-10-29","DOWNLOADED",""
"2024-10-30","DOWNLOADED",""
"2024-10-31","DOWNLOADED",""
"2024-11-01","DOWNLOADED",""
"2024-11-04","DOWNLOADED",""
"2024-11-05","DOWNLOADED",""
"2024-11-06","DOWNLOADED",""
"2024-11-07","DOWNLOADED",""
"2024-11-08","DOWNLOADED",""
"2024-11-11","DOWNLOADED",""
"2024-11-12","DOWNLOADED",""
"2024-11-13","DOWNLOADED",""
"2024-11-14","DOWNLOADED",""
"2024-11-15","SKIPPED","The remote server returned an error: (404) Not Found."
"2024-11-18","DOWNLOADED",""
"2024-11-19","DOWNLOADED",""
"2024-11-20","SKIPPED","The remote server returned an error: (404) Not Found."
"2024-11-21","DOWNLOADED",""
"2024-11-22","DOWNLOADED",""
"2024-11-25","DOWNLOADED",""
"2024-11-26","DOWNLOADED",""
"2024-11-27","DOWNLOADED",""
"2024-11-28","DOWNLOADED",""
"2024-11-29","DOWNLOADED",""
"2024-12-02","DOWNLOADED",""
"2024-12-03","DOWNLOADED",""
"2024-12-04","DOWNLOADED",""
"2024-12-05","DOWNLOADED",""
"2024-12-06","DOWNLOADED",""
"2024-12-09","DOWNLOADED",""
"2024-12-10","DOWNLOADED",""
"2024-12-11","DOWNLOADED",""
"2024-12-12","DOWNLOADED",""
"2024-12-13","DOWNLOADED",""
"2024-12-16","DOWNLOADED",""
"2024-12-17","DOWNLOADED",""
"2024-12-18","DOWNLOADED",""
"2024-12-19","DOWNLOADED",""
"2024-12-20","DOWNLOADED",""
"2024-12-23","DOWNLOADED",""
"2024-12-24","DOWNLOADED",""
"2024-12-25","SKIPPED","The remote server returned an error: (404) Not Found."
"2024-12-26","DOWNLOADED",""
"2024-12-27","DOWNLOADED",""
"2024-12-30","DOWNLOADED",""
"2024-12-31","DOWNLOADED",""
"2025-01-01","DOWNLOADED",""
"2025-01-02","DOWNLOADED",""
"2025-01-03","DOWNLOADED",""
"2025-01-06","DOWNLOADED",""
"2025-01-07","DOWNLOADED",""
"2025-01-08","DOWNLOADED",""
"2025-01-09","DOWNLOADED",""
"2025-01-10","DOWNLOADED",""
"2025-01-13","DOWNLOADED",""
"2025-01-14","DOWNLOADED",""
"2025-01-15","DOWNLOADED",""
"2025-01-16","DOWNLOADED",""
"2025-01-17","DOWNLOADED",""
"2025-01-20","DOWNLOADED",""
"2025-01-21","DOWNLOADED",""
"2025-01-22","DOWNLOADED",""
"2025-01-23","DOWNLOADED",""
"2025-01-24","DOWNLOADED",""
"2025-01-27","DOWNLOADED",""
"2025-01-28","DOWNLOADED",""
"2025-01-29","DOWNLOADED",""
"2025-01-30","DOWNLOADED",""
"2025-01-31","DOWNLOADED",""
"2025-02-03","DOWNLOADED",""
"2025-02-04","DOWNLOADED",""
"2025-02-05","DOWNLOADED",""
"2025-02-06","DOWNLOADED",""
"2025-02-07","DOWNLOADED",""
"2025-02-10","DOWNLOADED",""
"2025-02-11","DOWNLOADED",""
"2025-02-12","DOWNLOADED",""
"2025-02-13","DOWNLOADED",""
"2025-02-14","DOWNLOADED",""
"2025-02-17","DOWNLOADED",""
"2025-02-18","DOWNLOADED",""
"2025-02-19","DOWNLOADED",""
"2025-02-20","DOWNLOADED",""
"2025-02-21","DOWNLOADED",""
"2025-02-24","DOWNLOADED",""
"2025-02-25","DOWNLOADED",""
"2025-02-26","SKIPPED","The remote server returned an error: (404) Not Found."
"2025-02-27","DOWNLOADED",""
"2025-02-28","DOWNLOADED",""
"2025-03-03","DOWNLOADED",""
"2025-03-04","DOWNLOADED",""
"2025-03-05","DOWNLOADED",""
"2025-03-06","DOWNLOADED",""
"2025-03-07","DOWNLOADED",""
"2025-03-10","DOWNLOADED",""
"2025-03-11","DOWNLOADED",""
"2025-03-12","DOWNLOADED",""
"2025-03-13","DOWNLOADED",""
"2025-03-14","SKIPPED","The remote server returned an error: (404) Not Found."
"2025-03-17","DOWNLOADED",""
"2025-03-18","DOWNLOADED",""
"2025-03-19","DOWNLOADED",""
"2025-03-20","DOWNLOADED",""
"2025-03-21","DOWNLOADED",""
"2025-03-24","DOWNLOADED",""
"2025-03-25","DOWNLOADED",""
"2025-03-26","DOWNLOADED",""
"2025-03-27","DOWNLOADED",""
"2025-03-28","DOWNLOADED",""
"2025-03-31","SKIPPED","The remote server returned an error: (404) Not Found."
"2025-04-01","DOWNLOADED",""
"2025-04-02","DOWNLOADED",""
"2025-04-03","DOWNLOADED",""
"2025-04-04","DOWNLOADED",""
"2025-04-07","DOWNLOADED",""
"2025-04-08","DOWNLOADED",""
"2025-04-09","DOWNLOADED",""
"2025-04-10","SKIPPED","The remote server returned an error: (404) Not Found."
"2025-04-11","DOWNLOADED",""
"2025-04-14","SKIPPED","The remote server returned an error: (404) Not Found."
"2025-04-15","DOWNLOADED",""
"2025-04-16","DOWNLOADED",""
"2025-04-17","DOWNLOADED",""
"2025-04-18","SKIPPED","The remote server returned an error: (404) Not Found."
"2025-04-21","DOWNLOADED",""
"2025-04-22","DOWNLOADED",""
"2025-04-23","DOWNLOADED",""
"2025-04-24","DOWNLOADED",""
"2025-04-25","DOWNLOADED",""
"2025-04-28","DOWNLOADED",""
"2025-04-29","DOWNLOADED",""
"2025-04-30","DOWNLOADED",""
"2025-05-01","SKIPPED","The remote server returned an error: (404) Not Found."
"2025-05-02","DOWNLOADED",""
"2025-05-05","DOWNLOADED",""
"2025-05-06","DOWNLOADED",""
"2025-05-07","DOWNLOADED",""
"2025-05-08","DOWNLOADED",""
"2025-05-09","DOWNLOADED",""
"2025-05-12","DOWNLOADED",""
"2025-05-13","DOWNLOADED",""
"2025-05-14","DOWNLOADED",""
"2025-05-15","DOWNLOADED",""
"2025-05-16","DOWNLOADED",""
"2025-05-19","DOWNLOADED",""
"2025-05-20","DOWNLOADED",""
"2025-05-21","DOWNLOADED",""
"2025-05-22","DOWNLOADED",""
"2025-05-23","DOWNLOADED",""
"2025-05-26","DOWNLOADED",""
"2025-05-27","DOWNLOADED",""
"2025-05-28","DOWNLOADED",""
"2025-05-29","DOWNLOADED",""
"2025-05-30","DOWNLOADED",""
"2025-06-02","DOWNLOADED",""
"2025-06-03","DOWNLOADED",""
"2025-06-04","DOWNLOADED",""
"2025-06-05","DOWNLOADED",""
"2025-06-06","DOWNLOADED",""
"2025-06-09","DOWNLOADED",""
"2025-06-10","DOWNLOADED",""
"2025-06-11","DOWNLOADED",""
"2025-06-12","DOWNLOADED",""
"2025-06-13","DOWNLOADED",""
"2025-06-16","DOWNLOADED",""
"2025-06-17","DOWNLOADED",""
"2025-06-18","DOWNLOADED",""
"2025-06-19","DOWNLOADED",""
"2025-06-20","DOWNLOADED",""
"2025-06-23","DOWNLOADED",""
"2025-06-24","DOWNLOADED",""
"2025-06-25","DOWNLOADED",""
"2025-06-26","DOWNLOADED",""
"2025-06-27","DOWNLOADED",""
"2025-06-30","DOWNLOADED",""
"2025-07-01","DOWNLOADED",""
"2025-07-02","DOWNLOADED",""
"2025-07-03","DOWNLOADED",""
"2025-07-04","DOWNLOADED",""
"2025-07-07","DOWNLOADED",""
"2025-07-08","DOWNLOADED",""
"2025-07-09","DOWNLOADED",""
"2025-07-10","DOWNLOADED",""
"2025-07-11","DOWNLOADED",""
"2025-07-14","DOWNLOADED",""
"2025-07-15","DOWNLOADED",""
"2025-07-16","DOWNLOADED",""
"2025-07-17","DOWNLOADED",""
"2025-07-18","DOWNLOADED",""
"2025-07-21","DOWNLOADED",""
"2025-07-22","DOWNLOADED",""
"2025-07-23","DOWNLOADED",""
"2025-07-24","DOWNLOADED",""
"2025-07-25","DOWNLOADED",""
"2025-07-28","DOWNLOADED",""
"2025-07-29","DOWNLOADED",""
"2025-07-30","DOWNLOADED",""
"2025-07-31","DOWNLOADED",""
"2025-08-01","DOWNLOADED",""
"2025-08-04","DOWNLOADED",""
"2025-08-05","DOWNLOADED",""
"2025-08-06","DOWNLOADED",""
"2025-08-07","DOWNLOADED",""
"2025-08-08","DOWNLOADED",""
"2025-08-11","DOWNLOADED",""
"2025-08-12","DOWNLOADED",""
"2025-08-13","DOWNLOADED",""
"2025-08-14","DOWNLOADED",""
"2025-08-15","SKIPPED","The remote server returned an error: (404) Not Found."
"2025-08-18","DOWNLOADED",""
"2025-08-19","DOWNLOADED",""
"2025-08-20","DOWNLOADED",""
"2025-08-21","DOWNLOADED",""
"2025-08-22","DOWNLOADED",""
"2025-08-25","DOWNLOADED",""
"2025-08-26","DOWNLOADED",""
"2025-08-27","SKIPPED","The remote server returned an error: (404) Not Found."
"2025-08-28","DOWNLOADED",""
"2025-08-29","DOWNLOADED",""
"2025-09-01","DOWNLOADED",""
"2025-09-02","DOWNLOADED",""
"2025-09-03","DOWNLOADED",""
"2025-09-04","DOWNLOADED",""
"2025-09-05","DOWNLOADED",""
"2025-09-08","DOWNLOADED",""
"2025-09-09","DOWNLOADED",""
"2025-09-10","DOWNLOADED",""
"2025-09-11","DOWNLOADED",""
"2025-09-12","DOWNLOADED",""
"2025-09-15","DOWNLOADED",""
"2025-09-16","DOWNLOADED",""
"2025-09-17","DOWNLOADED",""
"2025-09-18","DOWNLOADED",""
"2025-09-19","DOWNLOADED",""
"2025-09-22","DOWNLOADED",""
"2025-09-23","DOWNLOADED",""
"2025-09-24","DOWNLOADED",""
"2025-09-25","DOWNLOADED",""
"2025-09-26","DOWNLOADED",""
"2025-09-29","DOWNLOADED",""
"2025-09-30","DOWNLOADED",""
"2025-10-01","DOWNLOADED",""
"2025-10-02","SKIPPED","The remote server returned an error: (404) Not Found."
"2025-10-03","DOWNLOADED",""
"2025-10-06","DOWNLOADED",""
"2025-10-07","DOWNLOADED",""
"2025-10-08","DOWNLOADED",""
"2025-10-09","DOWNLOADED",""
"2025-10-10","DOWNLOADED",""
"2025-10-13","DOWNLOADED",""
"2025-10-14","DOWNLOADED",""
"2025-10-15","DOWNLOADED",""
"2025-10-16","DOWNLOADED",""
"2025-10-17","DOWNLOADED",""
"2025-10-20","DOWNLOADED",""
"2025-10-21","DOWNLOADED",""
"2025-10-22","SKIPPED","The remote server returned an error: (404) Not Found."
"2025-10-23","DOWNLOADED",""
"2025-10-24","DOWNLOADED",""
"2025-10-27","DOWNLOADED",""
"2025-10-28","DOWNLOADED",""
"2025-10-29","DOWNLOADED",""
"2025-10-30","DOWNLOADED",""
"2025-10-31","DOWNLOADED",""
"2025-11-03","DOWNLOADED",""
"2025-11-04","DOWNLOADED",""
"2025-11-05","SKIPPED","The remote server returned an error: (404) Not Found."
"2025-11-06","DOWNLOADED",""
"2025-11-07","DOWNLOADED",""
"2025-11-10","DOWNLOADED",""
"2025-11-11","DOWNLOADED",""
"2025-11-12","DOWNLOADED",""
"2025-11-13","DOWNLOADED",""
"2025-11-14","DOWNLOADED",""
"2025-11-17","DOWNLOADED",""
"2025-11-18","DOWNLOADED",""
"2025-11-19","DOWNLOADED",""
"2025-11-20","DOWNLOADED",""
"2025-11-21","DOWNLOADED",""
"2025-11-24","DOWNLOADED",""
"2025-11-25","DOWNLOADED",""
"2025-11-26","DOWNLOADED",""
"2025-11-27","DOWNLOADED",""
"2025-11-28","DOWNLOADED",""
"2025-12-01","DOWNLOADED",""
"2025-12-02","DOWNLOADED",""
"2025-12-03","DOWNLOADED",""
"2025-12-04","DOWNLOADED",""
"2025-12-05","DOWNLOADED",""
"2025-12-08","DOWNLOADED",""
"2025-12-09","DOWNLOADED",""
"2025-12-10","DOWNLOADED",""
"2025-12-11","DOWNLOADED",""
"2025-12-12","DOWNLOADED",""
"2025-12-15","DOWNLOADED",""
"2025-12-16","DOWNLOADED",""
"2025-12-17","DOWNLOADED",""
"2025-12-18","DOWNLOADED",""
"2025-12-19","DOWNLOADED",""
"2025-12-22","DOWNLOADED",""
"2025-12-23","DOWNLOADED",""
"2025-12-24","DOWNLOADED",""
"2025-12-25","SKIPPED","The remote server returned an error: (404) Not Found."
"2025-12-26","DOWNLOADED",""
"2025-12-29","DOWNLOADED",""
"2025-12-30","DOWNLOADED",""
"2025-12-31","DOWNLOADED",""
"2026-01-01","DOWNLOADED",""
"2026-01-02","DOWNLOADED",""
"2026-01-05","DOWNLOADED",""
"2026-01-06","DOWNLOADED",""
"2026-01-07","DOWNLOADED",""
"2026-01-08","DOWNLOADED",""
"2026-01-09","DOWNLOADED",""
"2026-01-12","DOWNLOADED",""
"2026-01-13","DOWNLOADED",""
"2026-01-14","DOWNLOADED",""
"2026-01-15","SKIPPED","The remote server returned an error: (404) Not Found."
"2026-01-16","DOWNLOADED",""
"2026-01-19","DOWNLOADED",""
"2026-01-20","DOWNLOADED",""
"2026-01-21","DOWNLOADED",""
"2026-01-22","DOWNLOADED",""
"2026-01-23","DOWNLOADED",""
"2026-01-26","SKIPPED","The remote server returned an error: (404) Not Found."
"2026-01-27","DOWNLOADED",""
"2026-01-28","DOWNLOADED",""
"2026-01-29","DOWNLOADED",""
"2026-01-30","DOWNLOADED",""
"2026-02-02","DOWNLOADED",""
"2026-02-03","DOWNLOADED",""
"2026-02-04","DOWNLOADED",""
"2026-02-05","DOWNLOADED",""
"2026-02-06","DOWNLOADED",""
"2026-02-09","DOWNLOADED",""
"2026-02-10","DOWNLOADED",""
"2026-02-11","DOWNLOADED",""
"2026-02-12","DOWNLOADED",""
"2026-02-13","DOWNLOADED",""
"2026-02-16","DOWNLOADED",""
"2026-02-17","DOWNLOADED",""
"2026-02-18","DOWNLOADED",""
"2026-02-19","DOWNLOADED",""
"2026-02-20","DOWNLOADED",""
"2026-02-23","DOWNLOADED",""
"2026-02-24","DOWNLOADED",""
"2026-02-25","DOWNLOADED",""
"2026-02-26","DOWNLOADED",""
"2026-02-27","DOWNLOADED",""
"2026-03-02","DOWNLOADED",""
"2026-03-03","SKIPPED","The remote server returned an error: (404) Not Found."
"2026-03-04","DOWNLOADED",""
"2026-03-05","DOWNLOADED",""
"2026-03-06","DOWNLOADED",""
"2026-03-09","DOWNLOADED",""
"2026-03-10","DOWNLOADED",""
"2026-03-11","DOWNLOADED",""
"2026-03-12","DOWNLOADED",""
"2026-03-13","DOWNLOADED",""
"2026-03-16","DOWNLOADED",""
"2026-03-17","DOWNLOADED",""
"2026-03-18","DOWNLOADED",""
"2026-03-19","DOWNLOADED",""
"2026-03-20","DOWNLOADED",""
"2026-03-23","DOWNLOADED",""
"2026-03-24","DOWNLOADED",""
"2026-03-25","DOWNLOADED",""
"2026-03-26","SKIPPED","The remote server returned an error: (404) Not Found."
"2026-03-27","DOWNLOADED",""
"2026-03-30","DOWNLOADED",""
"2026-03-31","SKIPPED","The remote server returned an error: (404) Not Found."
"2026-04-01","DOWNLOADED",""
"2026-04-02","DOWNLOADED",""
"2026-04-03","SKIPPED","The remote server returned an error: (404) Not Found."
"2026-04-06","DOWNLOADED",""
"2026-04-07","DOWNLOADED",""
"2026-04-08","DOWNLOADED",""
"2026-04-09","DOWNLOADED",""
"2026-04-10","DOWNLOADED",""
"2026-04-13","DOWNLOADED",""
"2026-04-14","SKIPPED","The remote server returned an error: (404) Not Found."
"2026-04-15","DOWNLOADED",""
"2026-04-16","DOWNLOADED",""
"2026-04-17","DOWNLOADED",""
"2026-04-20","DOWNLOADED",""
"2026-04-21","DOWNLOADED",""
"2026-04-22","DOWNLOADED",""
"2026-04-23","DOWNLOADED",""
"2026-04-24","DOWNLOADED",""
"2026-04-27","DOWNLOADED",""
"2026-04-28","DOWNLOADED",""
"2026-04-29","DOWNLOADED",""
"2026-04-30","DOWNLOADED",""
"2026-05-01","SKIPPED","The remote server returned an error: (404) Not Found."
"2026-05-04","DOWNLOADED",""
"2026-05-05","DOWNLOADED",""
"2026-05-06","DOWNLOADED",""
"2026-05-07","DOWNLOADED",""
"2026-05-08","DOWNLOADED",""
"2026-05-11","DOWNLOADED",""
"2026-05-12","DOWNLOADED",""
"2026-05-13","DOWNLOADED",""
"2026-05-14","DOWNLOADED",""
"2026-05-15","DOWNLOADED",""
"2026-05-18","DOWNLOADED",""
"2026-05-19","DOWNLOADED",""
"2026-05-20","DOWNLOADED",""
"2026-05-21","DOWNLOADED",""
"2026-05-22","DOWNLOADED",""
"2026-05-25","DOWNLOADED",""
"2026-05-26","DOWNLOADED",""
"2026-05-27","DOWNLOADED",""
"2026-05-28","SKIPPED","The remote server returned an error: (404) Not Found."
"2026-05-29","DOWNLOADED",""
"2026-06-01","DOWNLOADED",""
"2026-06-02","DOWNLOADED",""
"2026-06-03","DOWNLOADED",""
"2026-06-04","DOWNLOADED",""
"2026-06-05","DOWNLOADED",""
"2026-06-08","DOWNLOADED",""
"2026-06-09","DOWNLOADED",""
"2026-06-10","DOWNLOADED",""
"2026-06-11","DOWNLOADED",""
"2026-06-12","DOWNLOADED",""
"2026-06-15","DOWNLOADED",""
"2026-06-16","DOWNLOADED",""
"2026-06-17","DOWNLOADED",""
"2026-06-18","DOWNLOADED",""
"2026-06-19","DOWNLOADED",""
